# Year Built,Floor Area,Energy Star Score,Site EUI
2.006000000000000000e+03,6.381785778999999820e+03,1.000000000000000000e+00,1.087387517699999989e+03
1.963000000000000000e+03,6.131597999999999956e+03,1.000000000000000000e+00,1.000636265199999912e+03
1.971000000000000000e+03,6.503210000000000036e+03,1.000000000000000000e+00,6.712969648000000689e+02
1.929000000000000000e+03,1.002228273699999954e+04,1.000000000000000000e+00,5.334413380999999390e+02
1.973000000000000000e+03,4.459344000000000051e+03,5.000000000000000000e+00,4.798132910999999581e+02
1.929000000000000000e+03,1.645005550099999891e+04,3.000000000000000000e+00,4.706649771999999530e+02
1.954000000000000000e+03,1.006278844500000014e+04,3.000000000000000000e+00,4.640403360999999904e+02
1.964000000000000000e+03,8.875488105000000360e+03,2.000000000000000000e+01,4.548920221999999285e+02
2.009000000000000000e+03,1.251152571899999930e+04,1.000000000000000000e+00,4.160905529000000342e+02
1.972000000000000000e+03,7.815464874999999665e+03,1.300000000000000000e+01,4.154596346999999810e+02
1.963000000000000000e+03,4.060176970199999778e+04,4.000000000000000000e+00,4.047340253000000416e+02
1.953000000000000000e+03,5.531444620000000214e+03,6.000000000000000000e+00,3.854910201999999799e+02
1.958000000000000000e+03,9.044107050000000527e+03,2.800000000000000000e+01,3.826518882999999960e+02
1.940000000000000000e+03,1.868558038999999917e+04,3.600000000000000000e+01,3.589924557999999593e+02
2.003000000000000000e+03,1.068384499999999935e+04,1.000000000000000000e+01,3.545760283999999842e+02
1.957000000000000000e+03,1.318024151299999903e+04,2.000000000000000000e+00,3.536296510999999896e+02
2.005000000000000000e+03,6.717908833000000413e+03,1.000000000000000000e+00,3.504750600999999506e+02
1.970000000000000000e+03,3.424516063600000052e+04,2.300000000000000000e+01,3.444813371999999845e+02
1.922000000000000000e+03,2.108898099999999977e+04,3.700000000000000000e+01,3.422731234999999970e+02
1.911000000000000000e+03,9.550056787999999869e+03,1.900000000000000000e+01,3.422731234999999970e+02
1.950000000000000000e+03,5.312007733999999800e+03,1.900000000000000000e+01,3.365948597000000291e+02
1.917000000000000000e+03,2.158303915399999823e+04,7.000000000000000000e+00,3.331248095999999919e+02
1.929000000000000000e+03,2.629154899999999907e+04,7.000000000000000000e+00,3.324938913999999954e+02
2.005000000000000000e+03,4.638460984000000281e+03,9.000000000000000000e+00,3.246074138999999832e+02
1.916000000000000000e+03,2.787090000000000146e+03,3.000000000000000000e+00,3.208219047000000046e+02
1.960000000000000000e+03,3.660378200000000106e+03,3.400000000000000000e+01,3.135663453999999888e+02
2.004000000000000000e+03,6.119799318999999741e+03,2.000000000000000000e+00,3.129354271999999924e+02
1.938000000000000000e+03,2.495049419499999931e+04,2.500000000000000000e+01,3.100962953000000084e+02
1.930000000000000000e+03,6.838125315000000228e+03,1.700000000000000000e+01,3.091499180000000138e+02
1.969000000000000000e+03,8.557666941999999835e+03,1.100000000000000000e+01,3.072571634000000245e+02
1.925000000000000000e+03,5.930741713999999774e+03,5.000000000000000000e+00,3.059953269999999748e+02
1.966000000000000000e+03,6.070282019999999648e+03,6.200000000000000000e+01,3.022098177999999962e+02
1.957000000000000000e+03,3.132131741999999940e+04,3.600000000000000000e+01,2.971624722000000247e+02
1.922000000000000000e+03,2.249711177099999986e+04,5.000000000000000000e+01,2.921151265999999964e+02
1.955000000000000000e+03,1.031223300000000017e+04,4.300000000000000000e+01,2.902223720000000071e+02
1.965000000000000000e+03,5.665596551999999974e+03,7.300000000000000000e+01,2.899069129000000089e+02
1.925000000000000000e+03,4.449310476000000199e+04,7.000000000000000000e+00,2.899069129000000089e+02
1.929000000000000000e+03,7.742907632000000376e+03,2.500000000000000000e+01,2.895914538000000107e+02
1.961000000000000000e+03,4.814614362299999630e+04,4.000000000000000000e+00,2.883296174000000178e+02
1.989000000000000000e+03,5.323592738100000133e+04,1.000000000000000000e+01,2.839131899999999860e+02
1.926000000000000000e+03,6.636247096000000056e+03,2.100000000000000000e+01,2.832822717999999895e+02
1.995000000000000000e+03,9.101149492000000464e+03,2.400000000000000000e+01,2.817049762999999984e+02
1.921000000000000000e+03,2.168095891599999959e+04,3.200000000000000000e+01,2.782349262000000181e+02
2.000000000000000000e+03,5.275403951999999663e+03,1.400000000000000000e+01,2.779194670999999630e+02
2.016000000000000000e+03,1.101978224799999953e+04,1.000000000000000000e+00,2.766576307000000270e+02
1.931000000000000000e+03,7.432239999999999782e+03,1.600000000000000000e+01,2.763421715999999719e+02
1.965000000000000000e+03,7.247827545000000100e+03,4.800000000000000000e+01,2.757112534000000323e+02
1.965000000000000000e+03,5.109664999999999964e+03,3.000000000000000000e+01,2.738184987999999862e+02
1.920000000000000000e+03,1.192289231099999961e+04,7.100000000000000000e+01,2.738184987999999862e+02
1.938000000000000000e+03,5.714277723999999580e+03,2.300000000000000000e+01,2.738184987999999862e+02
1.923000000000000000e+03,2.493340004300000146e+04,5.700000000000000000e+01,2.716102850999999987e+02
1.954000000000000000e+03,1.235163965599999938e+04,5.200000000000000000e+01,2.712948260000000005e+02
1.964000000000000000e+03,1.276487219999999979e+04,7.600000000000000000e+01,2.665629394999999704e+02
1.967000000000000000e+03,7.197381215999999768e+03,5.000000000000000000e+01,2.656165621999999757e+02
1.916000000000000000e+03,5.445973860000000059e+03,4.300000000000000000e+01,2.653011030999999775e+02
1.982000000000000000e+03,7.199703790999999910e+03,4.500000000000000000e+01,2.649856439999999793e+02
1.965000000000000000e+03,1.542654314999999951e+04,4.800000000000000000e+01,2.649856439999999793e+02
2.015000000000000000e+03,5.079871007899999677e+04,5.000000000000000000e+00,2.646701849000000379e+02
1.933000000000000000e+03,7.316111249999999927e+03,5.300000000000000000e+01,2.646701849000000379e+02
1.964000000000000000e+03,5.340064440000000104e+03,7.300000000000000000e+01,2.640392666999999847e+02
1.929000000000000000e+03,8.876695843999999852e+03,3.300000000000000000e+01,2.627774302999999918e+02
1.965000000000000000e+03,7.920259458999999879e+03,2.800000000000000000e+01,2.621465120999999954e+02
1.961000000000000000e+03,5.471336379000000306e+03,2.800000000000000000e+01,2.612001348000000007e+02
1.959000000000000000e+03,6.943978993199999968e+04,6.200000000000000000e+01,2.608846757000000025e+02
1.996000000000000000e+03,6.475803614999999809e+03,4.700000000000000000e+01,2.602537575000000061e+02
2.015000000000000000e+03,4.645149999999999636e+03,3.800000000000000000e+01,2.599382984000000079e+02
1.967000000000000000e+03,2.042007939999999871e+04,7.000000000000000000e+00,2.561527892000000293e+02
1.951000000000000000e+03,4.028274079999999958e+04,7.500000000000000000e+01,2.558373300999999742e+02
1.924000000000000000e+03,2.593006342700000096e+04,2.600000000000000000e+01,2.552064119000000062e+02
1.937000000000000000e+03,5.527728500000000167e+03,4.100000000000000000e+01,2.548909527999999796e+02
1.965000000000000000e+03,3.596433065099999658e+04,4.900000000000000000e+01,2.539445754999999849e+02
1.970000000000000000e+03,5.388373999999999796e+03,3.400000000000000000e+01,2.517363617999999974e+02
1.981000000000000000e+03,1.075064225699999952e+04,3.900000000000000000e+01,2.492126889999999833e+02
2.003000000000000000e+03,1.170522058199999992e+04,1.300000000000000000e+01,2.482663117000000170e+02
2.003000000000000000e+03,1.170522058199999992e+04,1.300000000000000000e+01,2.482663117000000170e+02
1.969000000000000000e+03,5.641720481000000291e+03,3.700000000000000000e+01,2.482663117000000170e+02
1.962000000000000000e+03,4.805686383999999634e+03,4.700000000000000000e+01,2.479508525999999620e+02
2.006000000000000000e+03,6.134570896000000175e+03,1.300000000000000000e+01,2.466890161999999975e+02
1.989000000000000000e+03,5.459444795000000340e+03,5.900000000000000000e+01,2.460580980000000011e+02
1.966000000000000000e+03,1.976437002600000051e+04,4.500000000000000000e+01,2.454271797999999762e+02
1.995000000000000000e+03,2.013421686899999986e+04,6.400000000000000000e+01,2.451117207000000064e+02
1.963000000000000000e+03,8.677140199999999822e+03,5.800000000000000000e+01,2.441653434000000118e+02
1.966000000000000000e+03,5.047605795999999827e+03,4.400000000000000000e+01,2.422725887999999941e+02
2.013000000000000000e+03,3.420883556300000055e+04,4.800000000000000000e+01,2.410107524000000012e+02
1.969000000000000000e+03,1.755866700000000128e+04,4.500000000000000000e+01,2.410107524000000012e+02
1.967000000000000000e+03,1.939452318300000115e+04,4.600000000000000000e+01,2.403798342000000048e+02
1.815000000000000000e+03,7.407434898999999859e+03,5.300000000000000000e+01,2.397489160000000084e+02
1.947000000000000000e+03,1.400893627299999935e+04,7.700000000000000000e+01,2.397489160000000084e+02
1.960000000000000000e+03,5.221148599999999533e+03,6.100000000000000000e+01,2.394334569000000101e+02
2.009000000000000000e+03,1.518035020000000077e+04,3.000000000000000000e+01,2.391179977999999835e+02
1.960000000000000000e+03,5.667082999999999629e+03,6.100000000000000000e+01,2.365943249999999978e+02
1.990000000000000000e+03,1.114836000000000058e+04,4.000000000000000000e+00,2.350170295000000067e+02
2.001000000000000000e+03,5.914669495000000097e+03,2.600000000000000000e+01,2.347015704000000085e+02
1.970000000000000000e+03,5.169215822999999546e+03,6.200000000000000000e+01,2.343861112999999818e+02
1.968000000000000000e+03,2.088645246000000043e+04,1.800000000000000000e+01,2.343861112999999818e+02
1.998000000000000000e+03,1.603765908400000080e+04,8.800000000000000000e+01,2.340706522000000120e+02
1.963000000000000000e+03,6.017141504000000168e+03,4.800000000000000000e+01,2.337551930999999854e+02
1.953000000000000000e+03,2.972895999999999913e+04,2.600000000000000000e+01,2.334397339999999872e+02
1.966000000000000000e+03,5.748466027999999824e+03,4.100000000000000000e+01,2.324933566999999925e+02
2.004000000000000000e+03,5.447739016999999876e+03,2.000000000000000000e+01,2.315469794000000263e+02
1.974000000000000000e+03,7.941348439999999755e+03,1.000000000000000000e+01,2.299696839000000068e+02
2.012000000000000000e+03,9.424266126000000440e+03,2.000000000000000000e+00,2.296542247999999802e+02
1.963000000000000000e+03,7.628646232299999974e+04,7.900000000000000000e+01,2.293387657000000104e+02
1.980000000000000000e+03,1.041108179199999904e+04,8.000000000000000000e+00,2.283923884000000157e+02
1.989000000000000000e+03,7.413659399999999550e+03,3.000000000000000000e+00,2.277614701999999909e+02
1.964000000000000000e+03,2.425093460499999856e+04,5.400000000000000000e+01,2.277614701999999909e+02
1.967000000000000000e+03,2.449201788999999917e+04,6.200000000000000000e+01,2.271305519999999945e+02
1.955000000000000000e+03,1.019610425000000032e+04,9.400000000000000000e+01,2.258687155999999732e+02
1.928000000000000000e+03,3.994996225399999821e+04,2.000000000000000000e+00,2.208213700000000017e+02
1.926000000000000000e+03,6.591560752999999750e+03,1.700000000000000000e+01,2.176667789999999911e+02
1.912000000000000000e+03,9.264472965999999360e+03,1.500000000000000000e+01,2.173513199000000213e+02
1.958000000000000000e+03,2.540980662699999812e+04,8.300000000000000000e+01,2.164049425999999698e+02
1.965000000000000000e+03,5.584650168100000155e+04,7.000000000000000000e+01,2.164049425999999698e+02
1.991000000000000000e+03,6.026803415999999743e+03,4.900000000000000000e+01,2.154585652999999752e+02
2.014000000000000000e+03,1.304014378899999974e+04,6.000000000000000000e+00,2.154585652999999752e+02
1.950000000000000000e+03,9.460033781000000090e+03,1.000000000000000000e+00,2.151431062000000054e+02
1.967000000000000000e+03,1.778079807299999811e+04,8.100000000000000000e+01,2.148276470999999788e+02
1.963000000000000000e+03,6.772628700000000208e+03,7.000000000000000000e+01,2.138812697999999841e+02
1.998000000000000000e+03,1.140179938399999992e+04,3.300000000000000000e+01,2.129348924999999895e+02
2.005000000000000000e+03,5.201174455000000307e+03,3.300000000000000000e+01,2.123039742999999930e+02
2.008000000000000000e+03,5.574180000000000291e+03,2.000000000000000000e+00,2.119885151999999948e+02
1.983000000000000000e+03,2.591306217800000013e+04,3.500000000000000000e+01,2.100957605999999771e+02
1.939000000000000000e+03,4.551596679000000222e+03,5.700000000000000000e+01,2.091493832999999825e+02
1.960000000000000000e+03,5.938173953999999867e+03,8.500000000000000000e+01,2.078875469000000180e+02
1.964000000000000000e+03,1.599789660000000003e+04,6.500000000000000000e+01,2.069411695999999665e+02
1.961000000000000000e+03,1.323681943999999930e+04,6.100000000000000000e+01,2.069411695999999665e+02
1.950000000000000000e+03,9.805911650000000009e+03,1.400000000000000000e+01,2.066257104999999967e+02
1.994000000000000000e+03,1.039491667000000052e+04,6.000000000000000000e+01,2.056793332000000021e+02
1.962000000000000000e+03,8.361269999999999709e+04,5.800000000000000000e+01,2.050484150000000056e+02
1.934000000000000000e+03,2.053435008999999809e+03,9.800000000000000000e+01,2.031556604000000164e+02
1.964000000000000000e+03,1.185581634499999927e+04,6.700000000000000000e+01,2.022092830999999649e+02
1.909000000000000000e+03,1.300642000000000007e+04,3.700000000000000000e+01,2.022092830999999649e+02
2.008000000000000000e+03,5.556872171099999832e+04,4.000000000000000000e+01,2.018938239999999951e+02
1.960000000000000000e+03,5.843134184999999889e+03,6.700000000000000000e+01,2.003165285000000040e+02
1.970000000000000000e+03,1.579351000000000022e+04,6.700000000000000000e+01,1.965310192999999970e+02
2.001000000000000000e+03,2.506913132599999881e+04,2.600000000000000000e+01,1.965310192999999970e+02
1.964000000000000000e+03,8.561568868000000293e+03,7.400000000000000000e+01,1.962155601999999988e+02
1.968000000000000000e+03,2.993938529500000004e+04,8.100000000000000000e+01,1.959001011000000005e+02
1.965000000000000000e+03,1.105545700000000033e+04,8.300000000000000000e+01,1.955846420000000023e+02
2.012000000000000000e+03,6.767054519999999684e+03,7.300000000000000000e+01,1.952691829000000041e+02
1.971000000000000000e+03,2.381103889999999956e+04,4.200000000000000000e+01,1.940073464999999828e+02
2.006000000000000000e+03,9.197397000000000844e+03,2.000000000000000000e+01,1.940073464999999828e+02
2.015000000000000000e+03,7.943020693999999821e+03,2.000000000000000000e+01,1.930609692000000166e+02
1.998000000000000000e+03,3.919577569999999923e+03,7.500000000000000000e+01,1.927455100999999900e+02
1.974000000000000000e+03,1.980924217499999941e+04,5.100000000000000000e+01,1.902218372999999758e+02
1.910000000000000000e+03,1.532899500000000080e+04,9.000000000000000000e+00,1.892754600000000096e+02
1.972000000000000000e+03,2.094033620000000155e+04,7.200000000000000000e+01,1.889600008999999829e+02
1.974000000000000000e+03,1.669634135400000014e+04,7.800000000000000000e+01,1.876981644999999901e+02
1.979000000000000000e+03,4.709940552200000093e+04,8.000000000000000000e+00,1.873827053999999919e+02
1.950000000000000000e+03,4.830956000000000131e+03,3.000000000000000000e+00,1.861208689999999990e+02
1.970000000000000000e+03,1.498618292999999903e+04,7.000000000000000000e+01,1.858054099000000008e+02
1.924000000000000000e+03,4.130467379999999685e+04,4.800000000000000000e+01,1.854899507999999742e+02
1.980000000000000000e+03,1.228790819799999917e+04,4.000000000000000000e+01,1.851744917000000044e+02
1.980000000000000000e+03,6.531917027000000417e+03,4.000000000000000000e+01,1.851744917000000044e+02
1.980000000000000000e+03,4.705722756000000118e+03,4.000000000000000000e+01,1.851744917000000044e+02
1.980000000000000000e+03,4.654440300000000207e+03,4.000000000000000000e+01,1.851744917000000044e+02
1.980000000000000000e+03,4.412892500000000291e+04,4.000000000000000000e+01,1.851744917000000044e+02
1.990000000000000000e+03,6.227009380999999848e+03,5.800000000000000000e+01,1.851744917000000044e+02
1.978000000000000000e+03,1.873491188300000067e+04,6.400000000000000000e+01,1.839126552999999831e+02
2.017000000000000000e+03,2.586438100599999962e+04,3.500000000000000000e+01,1.839126552999999831e+02
1.980000000000000000e+03,1.945732561100000021e+04,5.600000000000000000e+01,1.835971962000000133e+02
1.964000000000000000e+03,7.170439346000000114e+03,8.200000000000000000e+01,1.832817370999999866e+02
1.990000000000000000e+03,4.645150000000000000e+04,5.000000000000000000e+01,1.832817370999999866e+02
1.972000000000000000e+03,4.180634999999999854e+04,6.500000000000000000e+01,1.820199006999999938e+02
1.981000000000000000e+03,1.608708347999999933e+04,7.100000000000000000e+01,1.817044415999999956e+02
1.955000000000000000e+03,4.645149999999999636e+03,8.100000000000000000e+01,1.817044415999999956e+02
2.014000000000000000e+03,4.833557284000000072e+04,5.500000000000000000e+01,1.804426052000000027e+02
1.963000000000000000e+03,1.374964400000000023e+04,6.300000000000000000e+01,1.798116870000000063e+02
1.926000000000000000e+03,1.114836000000000058e+04,1.400000000000000000e+01,1.788653097000000116e+02
2.005000000000000000e+03,1.556515442599999915e+04,7.400000000000000000e+01,1.779189323999999885e+02
1.903000000000000000e+03,6.270302179000000251e+03,3.000000000000000000e+01,1.772880141999999921e+02
2.003000000000000000e+03,2.894318642600000021e+04,6.500000000000000000e+01,1.769725550999999939e+02
1.932000000000000000e+03,1.393545000000000073e+04,9.800000000000000000e+01,1.760261777999999993e+02
1.964000000000000000e+03,1.110222437019999925e+05,8.200000000000000000e+01,1.753952596000000028e+02
1.978000000000000000e+03,2.649129045000000042e+04,8.400000000000000000e+01,1.750798005000000046e+02
1.960000000000000000e+03,7.673787800000000061e+03,4.800000000000000000e+01,1.747643413999999780e+02
1.959000000000000000e+03,5.579168891099999746e+04,8.300000000000000000e+01,1.741334232000000100e+02
2.003000000000000000e+03,3.862813837000000058e+04,1.900000000000000000e+01,1.738179641000000117e+02
1.950000000000000000e+03,2.524861992199999804e+04,7.900000000000000000e+01,1.728715867999999887e+02
2.010000000000000000e+03,6.967725000000000364e+03,8.400000000000000000e+01,1.728715867999999887e+02
1.998000000000000000e+03,5.053551588000000265e+03,8.700000000000000000e+01,1.725561277000000189e+02
2.013000000000000000e+03,2.932576097999999911e+04,4.800000000000000000e+01,1.719252094999999940e+02
1.962000000000000000e+03,4.261395577899999626e+04,2.300000000000000000e+01,1.712942912999999976e+02
1.911000000000000000e+03,1.016117272199999934e+04,2.900000000000000000e+01,1.706633731000000012e+02
1.991000000000000000e+03,7.372317565000000286e+03,9.200000000000000000e+01,1.697169957999999781e+02
1.990000000000000000e+03,1.230964749999999913e+04,5.400000000000000000e+01,1.690860776000000101e+02
1.929000000000000000e+03,8.472753600000000006e+03,7.000000000000000000e+01,1.690860776000000101e+02
1.925000000000000000e+03,4.782646439999999529e+03,5.400000000000000000e+01,1.684551593999999852e+02
1.968000000000000000e+03,1.619996062499999971e+04,8.600000000000000000e+01,1.684551593999999852e+02
1.926000000000000000e+03,4.548094235900000058e+04,1.700000000000000000e+01,1.671933229999999924e+02
1.982000000000000000e+03,9.817617427999999563e+03,5.800000000000000000e+01,1.665624047999999959e+02
2.001000000000000000e+03,3.928589160999999876e+04,5.300000000000000000e+01,1.656160275000000013e+02
1.930000000000000000e+03,6.781918999999999869e+03,5.000000000000000000e+01,1.653005684000000031e+02
2.005000000000000000e+03,5.539434277999999722e+03,5.200000000000000000e+01,1.649851092999999764e+02
2.004000000000000000e+03,2.278789816100000098e+04,5.000000000000000000e+01,1.643541911000000084e+02
2.013000000000000000e+03,2.516556464000000051e+04,4.400000000000000000e+01,1.643541911000000084e+02
2.009000000000000000e+03,5.314887727000000268e+03,4.500000000000000000e+01,1.630923547000000156e+02
1.952000000000000000e+03,5.288781984000000193e+03,9.000000000000000000e+00,1.624614364999999907e+02
1.967000000000000000e+03,1.456867684799999915e+04,9.300000000000000000e+01,1.621459773999999925e+02
1.929000000000000000e+03,1.334087080000000060e+04,6.800000000000000000e+01,1.621459773999999925e+02
2.015000000000000000e+03,8.557202427000000171e+03,5.900000000000000000e+01,1.615150591999999961e+02
1.925000000000000000e+03,3.307374670899999910e+04,9.300000000000000000e+01,1.602532227999999748e+02
1.925000000000000000e+03,4.071334620500000165e+04,8.200000000000000000e+01,1.599377637000000050e+02
2.015000000000000000e+03,8.554229530999999042e+03,6.800000000000000000e+01,1.599377637000000050e+02
1.900000000000000000e+03,4.978764672999999675e+03,1.000000000000000000e+01,1.599377637000000050e+02
1.927000000000000000e+03,4.645149999999999636e+03,2.300000000000000000e+01,1.596223046000000068e+02
2.006000000000000000e+03,3.920506600000000162e+03,2.400000000000000000e+01,1.593068455000000085e+02
2.008000000000000000e+03,3.203490536299999803e+04,8.700000000000000000e+01,1.589913863999999819e+02
1.962000000000000000e+03,8.082560999999999694e+03,9.000000000000000000e+01,1.589913863999999819e+02
2.015000000000000000e+03,7.496064360999999917e+04,7.400000000000000000e+01,1.586759272999999837e+02
1.910000000000000000e+03,1.822989117500000066e+04,5.300000000000000000e+01,1.574140908999999908e+02
1.912000000000000000e+03,6.038694999999999709e+03,9.700000000000000000e+01,1.555213362999999731e+02
1.984000000000000000e+03,4.771498080000000300e+03,3.000000000000000000e+01,1.552058772000000033e+02
2.008000000000000000e+03,7.500988220000000183e+03,3.900000000000000000e+01,1.552058772000000033e+02
2.017000000000000000e+03,1.441455077100000017e+04,6.100000000000000000e+01,1.548904181000000051e+02
2.006000000000000000e+03,6.930563799999999901e+03,2.500000000000000000e+01,1.548904181000000051e+02
2.017000000000000000e+03,1.441455077100000017e+04,6.100000000000000000e+01,1.548904181000000051e+02
1.954000000000000000e+03,7.896755000000000109e+03,8.300000000000000000e+01,1.548904181000000051e+02
1.929000000000000000e+03,2.892776452799999970e+04,8.500000000000000000e+01,1.539440407999999820e+02
1.976000000000000000e+03,1.300642000000000007e+04,9.200000000000000000e+01,1.536285817000000122e+02
1.976000000000000000e+03,2.285413799999999901e+04,8.400000000000000000e+01,1.529976634999999874e+02
1.994000000000000000e+03,1.040810889599999973e+04,8.400000000000000000e+01,1.520512861999999927e+02
2.001000000000000000e+03,2.749928800000000047e+04,3.500000000000000000e+01,1.520512861999999927e+02
2.004000000000000000e+03,6.143025069000000258e+03,7.000000000000000000e+01,1.517358270999999945e+02
1.845000000000000000e+03,4.774285170000000107e+03,4.000000000000000000e+01,1.511049088999999981e+02
2.004000000000000000e+03,6.131597999999999956e+03,6.200000000000000000e+01,1.501585316000000034e+02
1.985000000000000000e+03,9.273112945000000764e+03,4.700000000000000000e+01,1.498430725000000052e+02
2.016000000000000000e+03,1.815315329700000075e+04,2.000000000000000000e+01,1.495276133999999786e+02
1.962000000000000000e+03,6.844628525000000081e+03,9.700000000000000000e+01,1.495276133999999786e+02
1.923000000000000000e+03,2.744354620000000068e+04,1.100000000000000000e+01,1.492121542999999804e+02
1.968000000000000000e+03,1.171590442699999949e+04,2.700000000000000000e+01,1.485812361000000124e+02
2.002000000000000000e+03,6.308113699999999881e+03,6.800000000000000000e+01,1.482657769999999857e+02
2.005000000000000000e+03,1.939350125000000116e+04,6.900000000000000000e+01,1.479503178999999875e+02
1.935000000000000000e+03,1.393545000000000073e+04,6.800000000000000000e+01,1.476348587999999893e+02
1.977000000000000000e+03,3.169478747999999905e+04,3.600000000000000000e+01,1.470039405999999929e+02
1.973000000000000000e+03,1.678757210000000123e+04,8.800000000000000000e+01,1.460575632999999982e+02
1.940000000000000000e+03,4.706800430800000322e+04,4.400000000000000000e+01,1.457421042000000000e+02
1.950000000000000000e+03,6.419225687999999536e+03,1.000000000000000000e+02,1.457421042000000000e+02
1.920000000000000000e+03,7.425086468999999852e+03,8.900000000000000000e+01,1.457421042000000000e+02
1.971000000000000000e+03,5.235548565000000235e+04,8.500000000000000000e+01,1.451111860000000036e+02
2.017000000000000000e+03,2.991290794000000005e+03,7.300000000000000000e+01,1.447957269000000053e+02
2.001000000000000000e+03,9.857008299999999508e+03,5.300000000000000000e+01,1.394329222000000073e+02
1.995000000000000000e+03,3.010057200000000194e+03,2.800000000000000000e+01,1.391174631000000090e+02
1.965000000000000000e+03,6.178049500000000262e+04,8.400000000000000000e+01,1.388020040000000108e+02
1.982000000000000000e+03,9.128091361999999208e+03,9.900000000000000000e+01,1.384865448999999842e+02
2.008000000000000000e+03,5.625926970999999867e+03,8.200000000000000000e+01,1.378556267000000162e+02
1.981000000000000000e+03,6.164132630600000266e+04,4.000000000000000000e+01,1.378556267000000162e+02
2.009000000000000000e+03,6.493362282000000050e+03,5.900000000000000000e+01,1.365937902999999949e+02
2.006000000000000000e+03,1.757724759999999878e+04,6.900000000000000000e+01,1.365937902999999949e+02
1.986000000000000000e+03,1.678757210000000123e+04,5.900000000000000000e+01,1.365937902999999949e+02
2.016000000000000000e+03,4.593774640999999974e+03,6.300000000000000000e+01,1.365937902999999949e+02
1.996000000000000000e+03,3.019347499999999854e+04,4.100000000000000000e+01,1.356474130000000002e+02
1.870000000000000000e+03,6.688365678999999545e+03,2.600000000000000000e+01,1.350164947999999754e+02
2.006000000000000000e+03,7.582371248000000378e+03,9.400000000000000000e+01,1.350164947999999754e+02
2.017000000000000000e+03,2.787090000000000146e+04,8.100000000000000000e+01,1.343855766000000074e+02
2.005000000000000000e+03,7.803759097000000111e+03,8.800000000000000000e+01,1.337546583999999825e+02
2.016000000000000000e+03,1.953025446599999850e+04,6.600000000000000000e+01,1.334391992999999843e+02
2.005000000000000000e+03,5.964372600000000239e+04,8.500000000000000000e+01,1.321773628999999914e+02
2.016000000000000000e+03,4.467054949000000306e+03,7.000000000000000000e+01,1.321773628999999914e+02
2.012000000000000000e+03,2.452639199999999983e+04,7.800000000000000000e+01,1.312309855999999968e+02
2.014000000000000000e+03,5.007471700000000055e+03,4.700000000000000000e+01,1.302846082999999737e+02
2.007000000000000000e+03,1.620980834300000060e+04,7.300000000000000000e+01,1.302846082999999737e+02
1.961000000000000000e+03,1.080173890700000084e+04,8.900000000000000000e+01,1.296536901000000057e+02
1.900000000000000000e+03,4.738052999999999884e+03,6.700000000000000000e+01,1.296536901000000057e+02
1.920000000000000000e+03,3.250861776000000191e+03,8.600000000000000000e+01,1.296536901000000057e+02
1.979000000000000000e+03,2.015809293999999863e+04,5.100000000000000000e+01,1.290227718999999809e+02
1.977000000000000000e+03,6.872963940000000002e+04,6.700000000000000000e+01,1.280763946000000146e+02
1.931000000000000000e+03,8.825784999999999854e+03,9.600000000000000000e+01,1.261836399999999969e+02
1.897000000000000000e+03,6.173218544000000293e+03,6.200000000000000000e+01,1.261836399999999969e+02
1.986000000000000000e+03,8.361270000000000437e+03,8.800000000000000000e+01,1.258681808999999987e+02
2.006000000000000000e+03,3.409540099999999802e+04,6.100000000000000000e+01,1.258681808999999987e+02
1.979000000000000000e+03,1.802894198600000163e+04,8.200000000000000000e+01,1.211362943999999970e+02
1.998000000000000000e+03,6.063778809999999794e+03,8.500000000000000000e+01,1.205053762000000006e+02
1.998000000000000000e+03,6.063778809999999794e+03,8.500000000000000000e+01,1.205053762000000006e+02
1.973000000000000000e+03,2.837443425999999818e+04,7.800000000000000000e+01,1.201899171000000024e+02
2.014000000000000000e+03,3.086655723500000022e+04,7.700000000000000000e+01,1.198744580000000042e+02
1.913000000000000000e+03,3.613090572999999858e+04,6.400000000000000000e+01,1.192435397999999935e+02
1.874000000000000000e+03,6.716886899999999514e+03,5.100000000000000000e+01,1.189280807000000095e+02
2.016000000000000000e+03,4.180634999999999854e+04,8.600000000000000000e+01,1.186126215999999971e+02
1.927000000000000000e+03,7.927227184000000307e+03,7.400000000000000000e+01,1.186126215999999971e+02
2.017000000000000000e+03,1.589551749399999972e+04,7.000000000000000000e+01,1.182971624999999989e+02
1.892000000000000000e+03,1.207738999999999942e+04,6.600000000000000000e+01,1.182971624999999989e+02
1.931000000000000000e+03,1.105044023799999923e+04,1.300000000000000000e+01,1.179817033999999865e+02
1.974000000000000000e+03,6.362907889399999840e+04,9.600000000000000000e+01,1.176662442999999882e+02
2.013000000000000000e+03,5.845921274999999696e+03,7.400000000000000000e+01,1.164044078999999954e+02
2.016000000000000000e+03,2.032280995899999834e+04,5.000000000000000000e+01,1.160889487999999830e+02
2.016000000000000000e+03,4.923859000000000378e+03,7.200000000000000000e+01,1.151425715000000025e+02
1.963000000000000000e+03,7.246433999999999651e+04,1.000000000000000000e+02,1.141961942000000079e+02
2.009000000000000000e+03,7.915335599999999977e+04,9.100000000000000000e+01,1.141961942000000079e+02
2.013000000000000000e+03,5.018155544999999620e+03,5.000000000000000000e+01,1.135652759999999972e+02
2.005000000000000000e+03,9.569009000000000015e+03,9.200000000000000000e+01,1.135652759999999972e+02
2.013000000000000000e+03,1.196479156399999920e+04,9.600000000000000000e+01,1.129343577999999866e+02
2.016000000000000000e+03,4.735265910000000076e+03,8.500000000000000000e+01,1.126188987000000026e+02
1.964000000000000000e+03,4.723188519999999698e+03,9.900000000000000000e+01,1.123034396000000044e+02
1.909000000000000000e+03,8.695720799999999144e+03,5.400000000000000000e+01,1.119879804999999919e+02
1.910000000000000000e+03,4.738052999999999884e+03,9.900000000000000000e+01,1.100952258999999884e+02
2.007000000000000000e+03,7.737519258000000264e+03,7.700000000000000000e+01,1.097797667999999902e+02
2.009000000000000000e+03,9.243848500000000058e+03,1.000000000000000000e+02,1.094643077000000062e+02
2.017000000000000000e+03,1.635092799999999988e+04,8.700000000000000000e+01,1.091488486000000080e+02
1.982000000000000000e+03,2.229672000000000116e+04,8.900000000000000000e+01,1.091488486000000080e+02
1.908000000000000000e+03,5.852889000000000124e+03,7.400000000000000000e+01,1.091488486000000080e+02
1.988000000000000000e+03,4.849239310400000250e+04,8.600000000000000000e+01,1.088333894999999956e+02
1.926000000000000000e+03,1.248216837099999975e+04,7.200000000000000000e+01,1.085179303999999973e+02
2.013000000000000000e+03,4.951729900000000271e+03,6.900000000000000000e+01,1.085179303999999973e+02
2.009000000000000000e+03,4.465986564499999804e+04,7.900000000000000000e+01,1.075715531000000027e+02
2.014000000000000000e+03,1.486447999999999956e+04,7.000000000000000000e+01,1.056787984999999992e+02
2.005000000000000000e+03,1.219974325099999987e+04,9.500000000000000000e+01,1.053633393999999868e+02
1.900000000000000000e+03,1.077674799999999959e+04,8.600000000000000000e+01,1.053633393999999868e+02
1.980000000000000000e+03,1.049069966299999942e+04,1.000000000000000000e+02,1.044169621000000063e+02
1.985000000000000000e+03,1.908692135000000053e+04,7.300000000000000000e+01,1.022087483999999904e+02
1.900000000000000000e+03,5.585328359999999520e+03,9.900000000000000000e+01,1.022087483999999904e+02
2.015000000000000000e+03,4.705982884400000330e+04,8.300000000000000000e+01,1.018932892999999922e+02
2.010000000000000000e+03,4.125571391900000162e+04,4.900000000000000000e+01,1.018932892999999922e+02
1.988000000000000000e+03,4.877407500000000255e+03,9.100000000000000000e+01,1.012623710999999957e+02
2.016000000000000000e+03,2.529330626499999926e+04,6.400000000000000000e+01,1.012623710999999957e+02
1.910000000000000000e+03,6.426565024999999878e+03,4.700000000000000000e+01,1.009469119999999975e+02
1.900000000000000000e+03,5.752367954000000282e+03,9.000000000000000000e+01,1.006314528999999993e+02
1.840000000000000000e+03,7.432239999999999782e+03,6.000000000000000000e+01,9.936961649999999224e+01
1.903000000000000000e+03,1.189158400000000074e+04,8.300000000000000000e+01,9.842323919999999760e+01
2.007000000000000000e+03,4.780416768000000047e+03,9.600000000000000000e+01,9.747686189999998874e+01
1.969000000000000000e+03,7.432239999999999418e+04,8.900000000000000000e+01,9.653048460000000830e+01
2.017000000000000000e+03,5.251806590000000142e+03,8.300000000000000000e+01,9.463773000000000479e+01
1.900000000000000000e+03,6.141259911999999531e+03,8.700000000000000000e+01,9.400681179999999415e+01
2.009000000000000000e+03,4.952658929999999600e+03,1.000000000000000000e+02,9.274497539999998708e+01
2.016000000000000000e+03,5.945792000000000371e+03,9.500000000000000000e+01,9.085222079999999778e+01
2.007000000000000000e+03,5.490102785000000040e+03,8.000000000000000000e+01,8.895946619999999427e+01
1.942000000000000000e+03,5.509984026999999514e+03,8.200000000000000000e+01,8.895946619999999427e+01
1.928000000000000000e+03,1.337803199999999924e+04,1.000000000000000000e+02,8.801308889999999963e+01
2.007000000000000000e+03,8.227489680000000590e+03,1.000000000000000000e+02,8.801308889999999963e+01
1.860000000000000000e+03,5.481277000000000044e+03,9.000000000000000000e+01,8.580487519999999790e+01
2.007000000000000000e+03,7.987335425000000214e+03,1.000000000000000000e+02,8.454303880000000504e+01
2.017000000000000000e+03,5.822091655499999615e+04,9.400000000000000000e+01,8.391212060000000861e+01
1.890000000000000000e+03,1.839479400000000169e+04,9.300000000000000000e+01,8.296574329999999975e+01
2.007000000000000000e+03,1.494995075999999972e+04,9.100000000000000000e+01,8.233482510000000332e+01
2.008000000000000000e+03,1.149275142099999903e+04,7.500000000000000000e+01,8.138844779999999446e+01
2.006000000000000000e+03,6.284887950000000274e+03,1.000000000000000000e+02,7.949569319999999095e+01
1.929000000000000000e+03,2.548004129499999908e+04,9.900000000000000000e+01,7.886477499999999452e+01
1.875000000000000000e+03,5.667082999999999629e+03,9.700000000000000000e+01,7.665656130000000701e+01
2.007000000000000000e+03,1.114836000000000058e+04,1.000000000000000000e+02,7.571018399999999815e+01
2.017000000000000000e+03,7.060627999999999702e+03,9.400000000000000000e+01,7.476380669999998929e+01
2.015000000000000000e+03,4.738052999999999884e+03,9.700000000000000000e+01,7.476380669999998929e+01
1.930000000000000000e+03,4.830956000000000131e+03,9.100000000000000000e+01,7.224013389999998935e+01
2.007000000000000000e+03,6.988395917499999632e+04,8.700000000000000000e+01,7.192467480000000535e+01
1.700000000000000000e+03,6.224501000000000204e+03,9.900000000000000000e+01,7.003192020000000184e+01
1.953000000000000000e+03,2.321255777400000079e+04,9.900000000000000000e+01,6.593095189999999661e+01
1.858000000000000000e+03,4.645149999999999636e+03,9.800000000000000000e+01,6.340727910000000378e+01
2.016000000000000000e+03,4.685934417000000394e+03,1.000000000000000000e+02,6.309181999999999846e+01
2.017000000000000000e+03,6.781918999999999869e+03,9.800000000000000000e+01,6.246090180000000203e+01
1.910000000000000000e+03,1.461401351199999954e+04,1.000000000000000000e+02,6.214544269999999671e+01
1.992000000000000000e+03,1.560770399999999881e+03,1.000000000000000000e+02,5.993722900000000209e+01
1.962000000000000000e+03,6.844628525000000081e+03,1.000000000000000000e+02,5.835993349999999680e+01
2.005000000000000000e+03,8.158518492800000240e+04,1.000000000000000000e+02,5.552080160000000575e+01
1.970000000000000000e+03,5.044632899999999609e+03,1.000000000000000000e+02,5.488988339999999511e+01
1.899000000000000000e+03,6.393119945000000371e+03,1.000000000000000000e+02,4.227151940000000252e+01
2.006000000000000000e+03,1.343377379999999903e+04,1.000000000000000000e+02,3.722417380000000264e+01
1.900000000000000000e+03,5.005520736999999826e+03,1.000000000000000000e+02,3.123045090000000101e+01
1.991000000000000000e+03,6.026803415999999743e+03,1.000000000000000000e+02,2.933769630000000106e+01
1.963000000000000000e+03,5.763702119999999923e+03,1.000000000000000000e+02,2.933769630000000106e+01
2.006000000000000000e+03,1.117623090000000047e+04,1.000000000000000000e+02,2.744494169999999755e+01
1.904000000000000000e+03,2.248252600000000166e+04,1.000000000000000000e+02,2.523672799999999938e+01
1.993000000000000000e+03,1.672254000000000087e+04,1.000000000000000000e+02,2.523672799999999938e+01
1.923000000000000000e+03,8.370839008999999351e+03,1.000000000000000000e+02,2.271305519999999945e+01
1.987000000000000000e+03,2.127887473200000022e+04,1.000000000000000000e+02,1.293382309999999791e+01
1.996000000000000000e+03,9.461613132000000405e+03,2.000000000000000000e+01,3.507905192000000056e+02
1.995000000000000000e+03,5.095265035000000353e+03,8.000000000000000000e+00,4.271316214000000286e+02
1.964000000000000000e+03,3.474126265599999897e+04,3.200000000000000000e+01,3.432195007999999916e+02
2.000000000000000000e+03,2.768806689600000027e+04,3.700000000000000000e+01,3.186136910000000171e+02
2.000000000000000000e+03,6.222466424299999926e+04,1.400000000000000000e+01,3.567842420999999717e+02
1.956000000000000000e+03,2.959991773299999841e+04,1.200000000000000000e+01,2.706639078000000040e+02
2.008000000000000000e+03,5.574180000000000291e+03,2.000000000000000000e+00,2.119885151999999948e+02
2.005000000000000000e+03,7.246434000000000196e+03,3.200000000000000000e+01,1.760261777999999993e+02
2.003000000000000000e+03,1.068384499999999935e+04,1.000000000000000000e+01,3.545760283999999842e+02
1.971000000000000000e+03,6.503210000000000036e+03,1.000000000000000000e+00,6.712969648000000689e+02
